{
 	"temp":22.200000762939453,
    	"rain":85.0,"wind_direct":117.0,
	"wind_speed":3.4000000953674316,
	"SnowFall":0.0,
	"ARPRSS":1014.2999877929688,
	"VIS":9000.0,"WX":500.0
}